date,GLD,SPY
2020-01-03,0.013268496005557573,-0.007572259673099935
2020-01-06,0.010489510489510412,0.003815018144598392
2020-01-07,0.003935138069068644,-0.0028117661599307286
2020-01-08,-0.007501520578495513,0.005329532426486372
2020-01-09,-0.0056516410186573385,0.006780705809831922
2020-01-10,0.00602615900842296,-0.0028776978417266452
2020-01-13,-0.00741950854264517,0.006877283473028184
2020-01-14,-0.000891510080921698,-0.0015246226558927045
2020-01-15,0.005834305717619559,0.00225988700564983
2020-01-16,-0.00156953732769205,0.008318352174045529
2020-01-17,0.001845396760303597,0.003112534751601448
2020-01-21,0.0010915541001501605,-0.001958126223828849
2020-01-22,0.00034073872154816165,0.00012073649260480046
2020-01-23,0.0022481095442470345,0.0011468582121085813
2020-01-24,0.005845568243610488,-0.00889304232485244
2020-01-27,0.006825246654953432,-0.016029443075706418
2020-01-28,-0.008926773608967098,0.010479134466769624
2020-01-29,0.005417851821752695,-0.0008259659212578319
2020-01-30,6.735821096581773e-05,0.003245361582266959
2020-01-31,0.005792415976291654,-0.018157958984375
2020-02-03,-0.006495680707158669,0.0074285891896932466
2020-02-04,-0.013008897276894138,0.015241268665926233
2020-02-05,0.0012292562999385304,0.01154804594906711
2020-02-06,0.00538844553577511,0.003364777984738332
2020-02-07,0.0026458616010853753,-0.005329660458710195
2020-02-10,0.0025712159144732905,0.007465382299819412
2020-02-11,-0.0034419923061347335,0.0017329986853114043
2020-02-12,-0.000812677773262882,0.006442760842331419
2020-02-13,0.005693371289142046,-0.001066919566119373
2020-02-14,0.004178460708990528,0.0016020886489052089
2020-02-18,0.01281879194630875,-0.002577014218009488
2020-02-19,0.005831290172950698,0.004781278769340203
2020-02-20,0.004084590552737355,-0.00410829343264163
2020-02-21,0.015025260809658159,-0.01029826383736454
2020-02-24,0.00898513251454447,-0.03316540722082284
2020-02-25,-0.017874303286565363,-0.03030209044103971
2020-02-26,0.004370515329419344,-0.0036782344474651785
2020-02-27,0.00019484315126327978,-0.04491171749598721
2020-02-28,-0.03649350649350658,-0.004201539444052327
2020-03-02,0.005526351260277673,0.043306555052993856
2020-03-03,0.03143431635388749,-0.02863243715422681
2020-03-04,0.0017544999675094264,0.04203304023447907
2020-03-05,0.02160093409444741,-0.03324170555520056
2020-03-06,0.00038097656994096063,-0.016531111551940758
2020-03-09,0.0016502697556330936,-0.07809453371881925
2020-03-10,-0.021101324377415964,0.05174488567990365
2020-03-11,-0.0035603314344897496,-0.0487483530961792
2020-03-12,-0.039888260897810834,-0.09567721242163585
2020-03-13,-0.030516273090195445,0.08548627624843808
2020-03-16,-0.011446119486320572,-0.10942373384821036
2020-03-17,0.013555492798644542,0.05399207838232245
2020-03-18,-0.019921983839509716,-0.05063291139240511
2020-03-19,-0.018905472636815857,0.0021249999999999325
2020-03-20,0.014995653433787393,-0.04868820423267217
2020-03-23,0.04417957319249166,-0.02556818181818188
2020-03-24,0.048530416951469535,0.09060327427674375
2020-03-25,-0.013689700130378069,0.01497018301460007
2020-03-26,0.012822207534699315,0.05838972405689047
2020-03-27,-0.0064604541895066925,-0.02978560490045945
2020-03-30,0.004400656814449899,0.03247573198642573
2020-03-31,-0.031846717237771216,-0.014905407987769848
2020-04-01,0.009456264775413503,-0.04500484966052376
2020-04-02,0.016393442622950838,0.023075360552508695
2020-04-03,0.004937458854509469,-0.01445419529047376
2020-04-06,0.027710448738945237,0.0671662838954028
2020-04-07,-0.005354411014788396,0.0010194064788944246
2020-04-08,-0.008907972314791013,0.033568438124693456
2020-04-09,0.02612350468800506,0.015217311973141578
2020-04-13,0.01714033650513569,-0.00913012221423426
2020-04-14,0.00786816182392669,0.029492853515199924
2020-04-15,-0.005102040816326592,-0.021248105993868838
2020-04-16,-0.0008649984553598111,0.004824308755760454
2020-04-17,-0.019417475728155442,0.02701540666427782
2020-04-20,0.007126190326038895,-0.017617917945855432
2020-04-21,-0.006825297432686117,-0.03036329415107053
2020-04-22,0.019670890864384116,0.022194550249047706
2020-04-23,0.00995486304334392,-7.16589036189319e-05
2020-04-24,-0.004285539365740276,0.013938655582628856
2020-04-27,-0.006640432857845435,0.014418489592536332
2020-04-28,-0.004456548650656145,-0.004598502003135274
2020-04-29,0.005533449390698664,0.026178560179189958
2020-04-30,-0.018116614109936147,-0.009310732921796516
2020-05-01,0.0061712846347605765,-0.026473423299366527
2020-05-04,0.0035048191262987416,0.0027582304890554354
2020-05-05,0.004240987900711035,0.009239341256127354
2020-05-06,-0.012855545894919995,-0.006778713442118889
2020-05-07,0.015350739226171806,0.012066842568161817
2020-05-08,-0.0060102856434722796,0.016546162402669706
2020-05-11,-0.006233636703652956,0.00020517029134192732
2020-05-12,0.0038890979801782244,-0.019931623931623843
2020-05-13,0.009622594351412328,-0.017685840862315505
2020-05-14,0.008850105211040793,0.011967329545454541
2020-05-15,0.005643825532176017,0.004596975120187974
2020-05-18,-0.007564204233514338,0.030459689814168023
2020-05-19,0.009650255086360415,-0.010271186440677926
2020-05-20,0.0023742846706442666,0.01698804671712839
2020-05-21,-0.01457637412693591,-0.006903984103997618
2020-05-22,0.00591679506933751,0.0018990775908844792
2020-05-26,-0.01421481526867241,0.012320606552937985
2020-05-27,0.0018024737398223412,0.014878962150595143
2020-05-28,0.0033502915994538807,-0.0018449576648105204
2020-05-29,0.007358397229779934,0.004455886721457469
2020-06-01,0.0046037689521822855,0.004041798107255579
2020-06-02,-0.006476842233899549,0.008280150548191756
2020-06-03,-0.01845018450184499,0.013308231628148537
2020-06-04,0.010526315789473717,-0.0026266897302837933
2020-06-05,-0.020275297619047672,0.025629496402877594
2020-06-08,0.010822099867097146,0.012087430325045556
2020-06-09,0.009641873278236845,-0.007456683168316713
2020-06-10,0.014324693042292003,-0.0055799744381059835
2020-06-11,-0.007214036803814938,-0.05764890282131652
2020-06-12,0.001416343370897355,0.011975649512657505
2020-06-15,-0.001783298487270879,0.009335656290062833
2020-06-16,-0.0004928232612579908,0.0192476795310208
2020-06-17,0.0019106317411401452,-0.0041538854805724945
2020-06-18,-0.0019685039370078705,0.0003850349740099901
2020-06-19,0.01103303747534512,-0.010071204054140748
2020-06-22,0.006462232518441802,0.006415241057542875
2020-06-23,0.008419649887939862,0.004603695834138222
2020-06-24,-0.0034839019702065377,-0.025508732574907933
2020-06-25,-0.0006027727546714656,0.010720510375217929
2020-06-26,0.004463208685162812,-0.02375142345859771
2020-06-29,0.0005404107121411705,0.014697550408265148
2020-06-30,0.0044409770149433925,0.012809564474808077
2020-07-01,-0.004481089801039562,0.007004799584900745
2020-07-02,0.002160604969391411,0.005506891665593372
2020-07-06,0.005988741166606859,0.01543733785991086
2020-07-07,0.006310275032741952,-0.010313830626084375
2020-07-08,0.006211547562707143,0.007648671043406274
2020-07-09,-0.0027044505849844747,-0.005692959706496303
2020-07-10,-0.0025938807993869384,0.01021057319167884
2020-07-13,0.0012412081092263438,-0.008658962813690607
2020-07-14,0.004663518299881986,0.012958963282937441
2020-07-15,0.0008813678829544536,0.009187256992349235
2020-07-16,-0.009451684865563026,-0.003293459686189215
2020-07-17,0.008238013394180177,0.0028990928644907488
2020-07-20,0.004820126969198091,0.00808156160636564
2020-07-21,0.012051012051012,0.002127528367044995
2020-07-22,0.015202312138728358,0.005692132549767859
2020-07-23,0.008825371519671998,-0.011931713883620021
2020-07-24,0.00857884637092221,-0.006440426058954674
2020-07-27,0.01975377728035821,0.007292445774121248
2020-07-28,0.00834110739175764,-0.006342429305117303
2020-07-29,0.00751020408163261,0.012298782576205758
2020-07-30,-0.007400205261167803,-0.0035679133858268486
2020-07-31,0.009087940792337879,0.007902210149401068
2020-08-03,0.0011325028312569874,0.006952100943280692
2020-08-04,0.021277741865977307,0.003862647890750859
2020-08-05,0.009283190041668776,0.006210991940859278
2020-08-06,0.013274105043114659,0.006684532233296014
2020-08-07,-0.015885295786270515,0.0007178536176830619
2020-08-10,-0.003458938210785578,0.0029889111396719237
2020-08-11,-0.05369445174861953,-0.008254611556456126
2020-08-12,-0.004668222740913608,0.013942307692307754
2020-08-13,0.023618090452261375,-0.0018077287814129983
2020-08-14,-0.004309169257622925,2.9688566932861704e-05
2020-08-17,0.021693875314999556,0.003176582353639823
2020-08-18,0.009008042895442436,0.0021603385516852924
2020-08-19,-0.031565522372196786,-0.004163713678242309
2020-08-20,0.00691395961369623,0.0031136019927051617
2020-08-21,-0.00801089918256126,0.003547357218872005
2020-08-24,-0.005658407954732714,0.01013314480970906
2020-08-25,0.0012154696132595788,0.003499358450950618
2020-08-26,0.011808851120185482,0.010025572474718025
2020-08-27,-0.011561954624781823,0.0021866098915326315
2020-08-28,0.017380269256234593,0.006459391955903948
2020-08-31,0.002386246542654291,-0.003622568315363006
2020-09-01,0.0011902829627223888,0.009418568034124553
2020-09-02,-0.013131586057822275,0.014463981849120788
2020-09-03,-0.008104260212463132,-0.03441431367067371
2020-09-04,0.002760295903720955,-0.00816468340137233
2020-09-08,-0.0019268883505835221,-0.02732288291444085
2020-09-09,0.00970820232776215,0.019747306503406392
2020-09-10,-0.0032231630701994307,-0.01736366579357851
2020-09-11,-5.480653293887805e-05,0.0005091497199676276
2020-09-14,0.007892573307755502,0.013171286595222265
2020-09-15,-0.002392734787101003,0.005052295692253184
2020-09-16,0.0028345598255656856,-0.003968603933327541
2020-09-17,-0.005490025547643551,-0.008795230505873386
2020-09-18,0.0013117621337996876,-0.015453787517865636
2020-09-21,-0.0200873362445414,-0.011129593225464807
2020-09-22,-0.004846256684492012,0.010184420589044896
2020-09-23,-0.021606493143017103,-0.02319103844989412
2020-09-24,0.0037187482121403548,0.0026655095462435607
2020-09-25,-0.0028499772001824297,0.01616692426584243
2020-09-28,0.010060592203041008,0.016609375475314048
2020-09-29,0.008432371250707504,-0.005446003770310237
2020-09-30,-0.006004826308996014,0.00758191172488476
2020-10-01,0.008920505871725215,0.006420018513541903
2020-10-02,-0.0008953553441521933,-0.00949442202705919
2020-10-05,0.004872857622941762,0.017733045770429
2020-10-06,-0.01176077141742371,-0.014215917117965549
2020-10-07,-0.000451212633953868,0.017406622279282136
2020-10-08,0.003554903509761953,0.008862542551942632
2020-10-09,0.01816137194264833,0.00893012973413243
2020-10-12,-0.002871658935277299,0.01608764595646539
2020-10-13,-0.015728843597696107,-0.006526118661861924
2020-10-14,0.0030947557956335636,-0.006283380458686705
2020-10-15,0.0036461547091488633,-0.0012358807806167604
2020-10-16,-0.0034652358596019006,-0.0006043165467625178
2020-10-19,0.0005047672462141772,-0.015203432290017083
2020-10-20,0.004820898032400933,0.004005730826583953
2020-10-21,0.007531380753138084,-0.0018929465897838949
2020-10-22,-0.009800664451827146,0.0054853674904442595
2020-10-23,-0.001062461555667582,0.003395142334813084
2020-10-26,-0.0005038065382891865,-0.018479958355023363
2020-10-27,0.0026323158779053557,-0.0034473614425880594
2020-10-28,-0.016143447659479504,-0.034178936786706915
2020-10-29,-0.00414466587179918,0.010163472723933031
2020-10-30,0.004561003420752385,-0.010424874234802095
2020-11-02,0.00970488081725307,0.011208427757701811
2020-11-03,0.005677027710640159,0.01765596608116282
2020-11-04,-0.0005589090096131955,0.02234919501235022
2020-11-05,0.022984006263281564,0.019502823543109837
2020-11-06,0.0014213086973158262,-0.00022841480127910874
2020-11-09,-0.04427097548992842,0.012565684258624588
2020-11-10,0.0033127713045464358,-0.0014666064981948557
2020-11-11,-0.004326539906637783,0.007428539148118807
2020-11-12,0.0060606060606061,-0.009700843917346713
2020-11-13,0.0068197317572173954,0.013844455140001877
2020-11-16,-5.644615037248002e-05,0.012482546774643888
2020-11-17,-0.003669206886819154,-0.0053782717820006765
2020-11-18,-0.005722379603399386,-0.012034828905773454
2020-11-19,-0.0018804490284347608,0.004210171775008487
2020-11-20,0.003025804978305624,-0.006847783554139397
2020-11-23,-0.019693778814958263,0.0059944277150818515
2020-11-24,-0.015328340010451025,0.016113691042354494
2020-11-25,-0.0004717259272363217,-0.0015417653212929094
2020-11-27,-0.010146893988555283,0.002784977665030608
2020-11-30,-0.006675010429703865,-0.004427090494129371
2020-12-01,0.021059578808424018,0.010937413688338893
2020-12-02,0.007521447878716669,0.002103710179771623
2020-12-03,0.007873556514639057,-0.0002726355680362502
2020-12-04,-0.002835484057635562,0.008617633423327664
2020-12-07,0.014914113277622931,-0.0020548871163986737
2020-12-08,0.003487906684201514,0.002926115581565636
2020-12-09,-0.017094017094017144,-0.008968852149012552
2020-12-10,-0.001913043478260934,-0.0003271091726864128
2020-12-11,0.001858628100133819,-0.0011725247457257115
2020-12-14,-0.005507565655980207,-0.004477204477204455
2020-12-15,0.013990905911157814,0.013519442768606282
2020-12-16,0.0055191445325974975,0.0015693065288564512
2020-12-17,0.01052029731275006,0.0055920252856795916
2020-12-18,-0.0016974086228358498,-0.00822050290135401
2020-12-21,-0.003173883473135408,-0.0035754916300990702
2020-12-22,-0.007903115760745871,-0.0016854238025335588
2020-12-23,0.006647945440999559,0.0008985949243001112
2020-12-24,0.00398519783660678,0.003890415431074379
2020-12-28,-0.003629146583498666,0.008590785907859111
2020-12-29,0.003642365260941194,-0.0019077303382863953
2020-12-30,0.00765523107456767,0.0014268023474937053
2020-12-31,0.003714124929656837,0.005080781741444662
2021-01-04,0.022258353891007054,-0.013613993794800439
2021-01-05,0.0029616629188833343,0.006887388486672474
2021-01-06,-0.016241045551484645,0.005978509681415556
2021-01-07,-0.0023346303501946553,0.014857448802034545
2021-01-08,-0.03420993982616438,0.005697705091004979
2021-01-11,-0.0019614630206530315,-0.0067408067985101905
2021-01-12,0.006473988439306355,0.00021125458818560539
2021-01-13,-0.004307374224672644,0.0026929271061595372
2021-01-14,-0.0005191209551825837,-0.003501935280023294
2021-01-15,-0.012407663896583543,-0.007292712572002258
2021-01-19,0.008473090632852287,0.007852009582113295
2021-01-20,0.016282303859079805,0.01383863726396406
2021-01-21,-0.0006271737271222877,0.000911719502982633
2021-01-22,-0.007873117298037413,-0.0035394545075994044
2021-01-25,0.0008625646923519081,0.003943794400334211
2021-01-26,-0.002470554438379846,-0.001560914696011828
2021-01-27,-0.006335675613408531,-0.0244404492039918
2021-01-28,0.0009274287039182649,0.008600197644293539
2021-01-29,-0.00040537410238583593,-0.02001959590074942
2021-02-01,0.009385319506401535,0.01664549950009464
2021-02-02,-0.012167824140503769,0.014140286526858503
2021-02-03,-0.00151066178606718,0.0007862665443585382
2021-02-04,-0.021530404422461347,0.011365719523372952
2021-02-05,0.009872137972048778,0.003935886480747719
2021-02-08,0.010070078322831355,0.007221892651724238
2021-02-09,0.0032649253731342753,-0.000665796010345443
2021-02-10,0.0036610878661087476,-0.0004356181934657144
2021-02-11,-0.008685079034219223,0.00161505332239531
2021-02-12,-0.0030372057706909983,0.004939725115814753
2021-02-16,-0.014353506356552748,-0.0008659331703341211
2021-02-17,-0.011352829291488287,0.00022941626306383078
2021-02-18,-6.012144531963859e-05,-0.004255969825938344
2021-02-19,0.004148629148629235,-0.0017659705159706052
2021-02-22,0.01496916352314237,-0.007691716021844486
2021-02-23,-0.0023007492183351186,0.0012143761465519542
2021-02-24,-0.0007095553453169146,0.011019354838709638
2021-02-25,-0.018816568047337334,-0.02409577047757616
2021-02-26,-0.024182848872271068,-0.005152616849318559
2021-03-01,-0.001730424572028877,0.024240193500893792
2021-03-02,0.0054479044140407495,-0.007803275322141756
2021-03-03,-0.011021488824579762,-0.01324571842500133
2021-03-04,-0.009836882081932563,-0.012374809920822294
2021-03-05,0.0006287726358149559,0.01839660207061322
2021-03-08,-0.01036822923212255,-0.004978755571774851
2021-03-09,0.021271191821703006,0.014277480876034865
2021-03-10,0.005098234270082047,0.006224655835937565
2021-03-11,-0.0008660150934057809,0.010139124185019721
2021-03-12,-0.0001857355126300142,0.0013467842350012305
2021-03-15,0.004396557062356754,0.005963558848906425
2021-03-16,0.0009247842170161391,-0.0012613203501424808
2021-03-17,0.007145056975669917,0.0034098658786085867
2021-03-18,-0.005810042199253851,-0.014549665206665563
2021-03-19,0.004183070866141669,-0.0051088178195565215
2021-03-22,-0.0014702278853222506,0.007985005648556864
2021-03-23,-0.007300613496932451,-0.007870806694006416
2021-03-24,0.003460849144057754,-0.0050834403080873836
2021-03-25,-0.0036336761717066235,0.005625516102394812
2021-03-26,0.002843367536160324,0.016114960225814823
2021-03-29,-0.011895956607495095,-0.000505076013940231
2021-03-30,-0.01709188447383203,-0.002652989034311881
2021-03-31,0.015167861902646518,0.004053403592328753
2021-04-01,0.01262815703925968,0.010799081573436453
2021-04-05,-0.0003704161007531681,0.014353111504954885
2021-04-06,0.008028656126482181,-0.0005906093119402156
2021-04-07,-0.002818282073275391,0.0011572934108143862
2021-04-08,0.010752027525190444,0.004746796527214103
2021-04-09,-0.007537535712114685,0.0072701458924899764
2021-04-12,-0.006063575672199506,0.0003645289071423363
2021-04-13,0.007086517130884928,0.002963754737149049
2021-04-14,-0.0043443676191642355,-0.0034152012788839503
2021-04-15,0.016162733529990092,0.010742496050552885
2021-04-16,0.006047777441790192,0.003342390650924454
2021-04-19,-0.0027652539825668843,-0.004913003882471401
2021-04-20,0.0035565736331304443,-0.007321596300667088
2021-04-21,0.009911100432484332,0.00946211514666273
2021-04-22,-0.006483078570154066,-0.009133078568510089
2021-04-23,-0.003831417624520994,0.010842409100832118
2021-04-26,0.0026442307692307043,0.0020876325766665538
2021-04-27,-0.002517381922800377,-0.00021551208064951588
2021-04-28,0.0029443576493211054,-0.00028741138149068757
2021-04-29,-0.004133964411958568,0.006372783900335577
2021-04-30,-0.003369028997713852,-0.006570489930009971
2021-05-03,0.012978389472413365,0.0021567217828899476
2021-05-04,-0.007329718133603391,-0.006169296987087458
2021-05-05,0.004142153920038361,0.00031278571772297425
2021-05-06,0.016679619776409416,0.007985568250150399
2021-05-07,0.008996824650123525,0.00727802037845704
2021-05-10,0.0030304796316802385,-0.009902397422533848
2021-05-11,0.00017430712916133295,-0.008924726037230268
2021-05-12,-0.009933774834436915,-0.021245262065135884
2021-05-13,0.004107258111834655,0.012012530524653897
2021-05-14,0.009115876818792668,0.015355367066393733
2021-05-17,0.01163935375528391,-0.0025445292620864812
2021-05-18,0.0019461934745277354,-0.00861571043511744
2021-05-19,0.0006855575868374153,-0.002621741030247038
2021-05-20,0.0045672527974423005,0.010757922406659182
2021-05-21,0.0004546487838144042,-0.0008187247158543132
2021-05-24,0.0017609634174051703,0.010194244951077236
2021-05-25,0.00907286645874672,-0.002218670229262587
2021-05-26,-0.0017420623770721955,0.001984506503442951
2021-05-27,0.000394055392929582,0.0005249719617248516
2021-05-28,0.0037701873839399713,0.0017887381048915518
2021-06-01,-0.002690884628321455,-0.0008808684887153806
2021-06-02,0.0048903878583475,0.001572664236185517
2021-06-03,-0.019578229009341586,-0.0037113696381414485
2021-06-04,0.010783362811662034,0.00914583184086748
2021-06-07,0.004007676676450744,-0.000970184571699062
2021-06-08,-0.0030921459492888603,0.00021317416329136307
2021-06-09,-0.0019174374013083417,-0.0014919011082693556
2021-06-10,0.004294270539044076,0.004648405075299511
2021-06-11,-0.011252391133115824,0.0016524633507235542
2021-06-14,-0.005860930920678298,0.002238929084867225
2021-06-15,-0.0037776887413427662,-0.0018341720359309477
2021-06-16,-0.016891697787991933,-0.005583301922352013
2021-06-17,-0.030740459353632232,-0.00033166710099263863
2021-06-18,-0.0055471811878202715,-0.01670734886366332
2021-06-21,0.012247620202510134,0.014316012725344551
2021-06-22,-0.004192872117400381,0.005346195884617266
2021-06-23,-0.0006616541353384742,-0.00120536030819407
2021-06-24,-0.0006019020103527062,0.005915759583530633
2021-06-25,0.0033124548301615153,0.0035521053869678187
2021-06-28,-6.002761270174073e-05,0.002015892735754088
2021-06-29,-0.010505462840677104,0.00053804945376279
2021-06-30,0.00485348540920949,0.0008417114800094438
2021-07-01,0.003441405542474074,0.005536607017707862
2021-07-02,0.006558363417569213,0.007643519271426369
2021-07-06,0.004961444198696929,-0.0018214516277783588
2021-07-07,0.0038068046633357167,0.003534058623795966
2021-07-08,-0.0006518132258828135,-0.008148045850020602
2021-07-09,0.003320486214052787,0.010674835236238689
2021-07-12,-0.0012410614029904066,0.0035819250551065718
2021-07-13,0.0013017751479289519,-0.0034089869131509465
2021-07-14,0.010755229878264938,0.0014922289308754166
2021-07-15,0.00017539756782047888,-0.0034155510728040017
2021-07-16,-0.009703630092944393,-0.007843588269120239
2021-07-19,0.0011805678531373598,-0.014767932489451407
2021-07-20,-0.001297093331761312,0.014330423323999364
2021-07-21,-0.0037192278174625892,0.00809632069781463
2021-07-22,0.0019554396776488847,0.002094120354389606
2021-07-23,-0.0031344254539003025,0.010287971340651403
2021-07-26,-0.0023730422401518902,0.002454880210937871
2021-07-27,0.0016650808753568835,-0.0045576164346288195
2021-07-28,0.0050463072904298745,-0.00041001343932944856
2021-07-29,0.011105204087660248,0.004147391928537303
2021-07-30,-0.007886896068236227,-0.004856462044706689
2021-08-02,-0.0012366034624895494,-0.002098013728307313
2021-08-03,-0.0007075054536879177,0.00813546927489206
2021-08-04,0.0002360021240190857,-0.0049189618043747885
2021-08-05,-0.0039521028726478,0.006332862544990547
2021-08-06,-0.024991116901575405,0.001652480985150362
2021-08-09,-0.0177356656948493,-0.0008135777079708584
2021-08-10,0.00030917635419247524,0.0012439780155157898
2021-08-11,0.013785003399888751,0.002484864913707252
2021-08-12,0.00024390243902439046,0.002996980485826306
2021-08-13,0.014325774201414232,0.0018197748871064956
2021-08-16,0.004988280545705992,0.002354682454251966
2021-08-17,-0.0014950364788900439,-0.006555249793050999
2021-08-18,0.0007785829789781484,-0.01094495991352129
2021-08-19,-0.0029323758228604335,0.0015483400883464782
2021-08-20,0.0005401836624450151,0.007957077251852906
2021-08-23,0.012177564487102499,0.008796463370624341
2021-08-24,-0.00047413026729081764,0.0015874435451415092
2021-08-25,-0.006937444411503235,0.002098354800544655
2021-08-26,0.0011344638165751153,-0.005903187721369663
2021-08-27,0.015029522275899154,0.008940976112580046
2021-08-30,-0.004935660144544385,0.004397556912826284
2021-08-31,0.0020076764098022615,-0.0014815470004201359
2021-09-01,5.8930991808647804e-05,0.0005314908317832767
2021-09-02,-0.0026517383618148704,0.003076582558654284
2021-09-03,0.010694239290989671,-0.00024272380237877478
2021-09-07,-0.019583771775985026,-0.0035755275006621456
2021-09-08,-0.0025043229384056342,-0.0012182696141407323
2021-09-09,0.004423456273537019,-0.0042802333059812625
2021-09-10,-0.005058620484437282,-0.007884538286783371
2021-09-13,0.0033496829764325664,0.002559267241379226
2021-09-14,0.006438535829259573,-0.005396569483631097
2021-09-15,-0.005864234095486198,0.008352657766170557
2021-09-16,-0.022641959125305422,-0.0015852460480485497
2021-09-17,-0.001585075900749855,-0.01290337008296627
2021-09-20,0.0071441655980948315,-0.016674218396012574
2021-09-21,0.006669091790954207,-0.0009446133996867667
2021-09-22,-0.0037340399903638133,0.009754860134215892
2021-09-23,-0.011546366823842358,0.012150002283835004
2021-09-24,-0.00128432511772969,0.0016471862448665942
2021-09-27,0.002082057562767803,-0.0028609402806876183
2021-09-28,-0.00971645074553884,-0.02015181637448027
2021-09-29,-0.004504782474544999,0.0016831135294659294
2021-09-30,0.017976692288618867,-0.012222350097824797
2021-10-01,0.0022530751431006912,0.011884233583445925
2021-10-04,0.004678291512242527,-0.012896094325718588
2021-10-05,-0.004656507014997646,0.010405001866368169
2021-10-06,0.002673309435567095,0.004156084045255026
2021-10-07,-0.0052717687693146775,0.008645665670269143
2021-10-08,0.0004264132553606359,-0.0018237359230384165
2021-10-11,-0.001887596663216251,-0.007239756999954383
2021-10-12,0.004514397266959458,-0.002461524304676832
2021-10-13,0.017794242681890005,0.00359762003597619
2021-10-14,0.0024464466853630906,0.016820625947883583
2021-10-15,-0.015892857142857042,0.007615819209039643
2021-10-18,-0.002479888707433764,0.0029605041828335565
2021-10-19,0.0032136793596895252,0.007714841566224706
2021-10-20,0.008763977032336223,0.003927747203976706
2021-10-21,-0.0008987417615339277,0.002608253575296704
2021-10-22,0.006116941529235476,-0.0010361780462531112
2021-10-25,0.006914227811885221,0.005362817796610075
2021-10-26,-0.007399514591842737,0.0009000109757435482
2021-10-27,0.002624045801526753,-0.004430213176594422
2021-10-28,-0.00023792529145838515,0.00964885227122525
2021-10-29,-0.008507853403141419,0.0020291499389073486
2021-11-01,0.005220522052205245,0.0017201959716930393
2021-11-02,-0.0021489971346705383,0.0040431266846361336
2021-11-03,-0.008315386456089868,0.006105217579562838
2021-11-04,0.011341014658864612,0.004712515062833544
2021-11-05,0.013062928720548816,0.0034696194127346036
2021-11-08,0.003591615638247614,0.0008537340191663301
2021-11-09,0.0049281314168379,-0.003305397394067322
2021-11-10,0.01085877751182207,-0.008044845735803774
2021-11-11,0.005602079122148496,0.000323540830852842
2021-11-12,0.0018952446588558214,0.007546844340944769
2021-11-15,-0.0015477214101460302,0.0003424144498898052
2021-11-16,-0.007233895969686599,0.00395781186487798
2021-11-17,0.009137173259310627,-0.002429253324241376
2021-11-18,-0.003209169054441241,0.003396419874396539
2021-11-19,-0.007646314821202593,-0.0017882613416217996
2021-11-22,-0.022420485487515185,-0.0028151592057839014
2021-11-23,-0.008652364584567973,0.0013260046624035127
2021-11-24,-0.0009564801530368428,0.002669856254939207
2021-11-26,-0.0016156055528961932,-0.02230316973415125
2021-11-29,-0.0013784836679652246,0.012266596945334163
2021-11-30,-0.0067218821269955376,-0.019457597933706494
2021-12-01,0.003987915407855036,-0.011107208710158911
2021-12-02,-0.005536831969186307,0.01531631520532728
2021-12-03,0.008412006778019787,-0.008701355487538143
2021-12-06,-0.002460541319090126,0.011843324070398342
2021-12-07,0.0035495126940199295,0.020684844918154255
2021-12-08,0.0005395359990407744,0.002647988383018829
2021-12-09,-0.00611144397843022,-0.006751576077696275
2021-12-10,0.004219918013021573,0.009413530610056897
2021-12-13,0.002521311081762345,-0.008858393168203249
2021-12-14,-0.009341317365269441,-0.006879996570718139
2021-12-15,0.004291586073501108,0.015625
2021-12-16,0.012097502256996684,-0.008818529536761655
2021-12-17,-0.002140818268315803,-0.01410654946939649
2021-12-20,-0.004231227651966707,-0.010633439885184948
2021-12-21,-0.00041893590280683846,0.0177590223746098
2021-12-22,0.009400071847682767,0.009998704271584558
2021-12-23,0.002253988967317211,0.006222070174688454
2021-12-27,0.0023672841332780248,0.014152146196344972
2021-12-28,-0.004310090334770145,-0.0008171646482001416
2021-12-29,-0.0002964895635673148,0.0012791746178204555
2021-12-30,0.007177175395931101,-0.002764513696908777
2021-12-31,0.006831566548880952,-0.002520161290322731
2022-01-03,-0.015383715489003302,0.005789961259895504
2022-01-04,0.007366482504604033,-0.0003349312344308464
2022-01-05,-0.0030076074777377615,-0.019202177782431162
2022-01-06,-0.012244173666153935,-0.0009394081728510972
2022-01-07,0.004551170728786191,-0.003953498311749404
2022-01-10,0.003040238450074506,-0.001244394859361897
2022-01-11,0.012064661832877688,0.009108289832656657
2022-01-12,0.002642550942509869,0.002703565726450252
2022-01-13,-0.003396977861075401,-0.013778608127043457
2022-01-14,-0.0028796426892336857,0.0004090155641187643
2022-01-18,-0.0016502622738256978,-0.017709588569461254
2022-01-19,0.015880512426943882,-0.010383579048829139
2022-01-20,-0.0024988377498837977,-0.011068068622025473
2022-01-21,-0.003262452665307336,-0.019630665920537194
2022-01-24,0.00549418434741944,0.004246769258870131
2022-01-25,0.003197116781956666,-0.012208985085485513
2022-01-26,-0.01616641557538545,-0.0025088038299537763
2022-01-27,-0.012898286118145919,-0.004937929761410276
2022-01-28,-0.002983293556085953,0.02483535850106655
2022-01-31,0.005924596050269404,0.018011087227062017
2022-02-01,0.0008328871437919272,0.006756906936942864
2022-02-02,0.0036259882303988356,0.009714096478640188
2022-02-03,-0.001421464108031345,-0.023504974308516502
2022-02-04,0.0015421115065243907,0.004702194357366629
2022-02-07,0.007402582020608728,-0.003209271227991972
2022-02-08,0.0030568455705131115,0.008227876402987055
2022-02-09,0.003399167789954971,0.014636093493591185
2022-02-10,-0.0037965072133637756,-0.017965642348210076
2022-02-11,0.019054878048780477,-0.019718686014421838
2022-02-14,0.005350670272136204,-0.003269309358398087
2022-02-15,-0.009499828316355763,0.01612682793494602
2022-02-16,0.0102842616131269,0.00112082492714638
2022-02-17,0.013668077318997884,-0.021361397223466194
2022-02-18,-0.0007334273624823862,-0.006475083512561208
2022-02-22,0.0020889792231255644,-0.010731639914331126
2022-02-23,0.004507296185700449,-0.017738668901459587
2022-02-24,-0.006450165460766155,0.015049176442706536
2022-02-25,-0.003330698882239913,0.022063973850104945
2022-02-28,0.01036533559898034,-0.002558537978298081
2022-03-01,0.01816347124117068,-0.015230286512607827
2022-03-02,-0.010406342913776068,0.018396204474626643
2022-03-03,0.005953374506203923,-0.004978419237708143
2022-03-04,0.015929203539823078,-0.008124670078721974
2022-03-07,0.014862804878048808,-0.029479140153180428
2022-03-08,0.027359047261412917,-0.00758171804591945
2022-03-09,-0.029711242232781543,0.026810810810810937
2022-03-10,0.0031213001829728526,-0.00451557052946816
2022-03-11,-0.0070278969957081605,-0.01271505123625083
2022-03-14,-0.015073747906423907,-0.007308305758564004
2022-03-15,-0.01870543060888663,0.021990407673860846
2022-03-16,0.006260830678070262,0.022174249712556104
2022-03-17,0.004888617299039,0.012510903998898204
2022-03-18,-0.008789872298081591,0.007821887682227358
2022-03-21,0.007640825432236431,-0.00029245028345181723
2022-03-22,-0.007250788730835067,0.01170143342559471
2022-03-23,0.013659678858162216,-0.01287840032029175
2022-03-24,0.0072603267147022255,0.015074357818837258
2022-03-25,-0.004095451318735344,0.004883571222446648
2022-03-28,-0.018203750411229236,0.007113035410545976
2022-03-29,0.00044677761644140723,0.012370862670263882
2022-03-30,0.008038405716199737,-0.006174845628859282
2022-03-31,0.00038763982722334056,-0.015391323304992377
2022-04-01,-0.006365900913368416,0.0028341156673457046
2022-04-04,0.004846796657381747,0.008566634284200347
2022-04-05,-0.006264899927925893,-0.012631348511383589
2022-04-06,0.002343226958268163,-0.009999334855774533
2022-04-07,0.0037849270844929617,0.0050389680193496655
2022-04-08,0.006265942109348943,-0.0026739755331238735
2022-04-11,0.004959497437593052,-0.01709229841142168
2022-04-12,0.007676701211822179,-0.0037052191307510585
2022-04-13,0.0047885944387005,0.011453603778320165
2022-04-14,-0.0033035472515571263,-0.012451783176558151
2022-04-18,0.0030971527928711495,0.0004111560337147768
2022-04-19,-0.015112940794106633,0.016142658172934254
2022-04-20,0.004894951050489649,-0.0007415063814489864
2022-04-21,-0.003557550216189642,-0.01495356524476621
2022-04-22,-0.009722069647369103,-0.027439163584896953
2022-04-25,-0.0179710466470685,0.005797577692235434
2022-04-26,0.0015249929398473139,-0.028960817717206044
2022-04-27,-0.007556959169862432,0.0028118240807497585
2022-04-28,0.005398340720536465,0.02525942435353623
2022-04-29,-0.00011303905499360223,-0.03695565788550992
2022-05-02,-0.01854050081962577,0.006019417475728206
2022-05-03,0.002649311754881145,0.004584057131827857
2022-05-04,0.009822505600551423,0.030452951630721925
2022-05-05,-0.0038111490329921782,-0.035542814524775035
2022-05-06,0.0016559127505282323,-0.005968922935646881
2022-05-09,-0.014479534830691976,-0.032017309281859196
2022-05-10,-0.008445164275798334,0.002310570861692174
2022-05-11,0.008167075020417691,-0.015886140970708285
2022-05-12,-0.015333873394283049,-0.0010439210693826695
2022-05-13,-0.008109537521302168,0.023907835041035996
2022-05-16,0.0095384797677589,-0.004057552524146302
2022-05-17,-0.006279342723004677,0.02057037166637521
2022-05-18,0.0005315065257187612,-0.04031152037617547
2022-05-19,0.01469720221933657,-0.006124636349716828
2022-05-20,0.000698039671921391,0.00043650182303700547
2022-05-23,0.004650351682845999,0.018710058260400952
2022-05-24,0.007521842272753432,-0.007633780106822585
2022-05-25,-0.0060299776029402175,0.008834953921145638
2022-05-26,-0.0018488560203375748,0.019981377557440227
2022-05-27,0.0005209539245196737,0.024549110557351206
2022-05-31,-0.00989297078391671,-0.0056109425420218795
2022-06-01,0.006369054575201538,-0.008088538008863555
2022-06-02,0.01230912152354402,0.01904343367757999
2022-06-03,-0.010151993117292646,-0.016411509619300824
2022-06-06,-0.004403754780391789,0.0030447703025284767
2022-06-07,0.006518449540216631,0.00959226790354295
2022-06-08,-0.0009829998843529086,-0.01087217972771437
2022-06-09,-0.0031255426289287236,-0.023782889937259966
2022-06-10,0.013412297509144855,-0.02899561578318055
2022-06-13,-0.026412283717199392,-0.037968188814776815
2022-06-14,-0.00800329547460732,-0.0030133333333333123
2022-06-15,0.01305095805896661,0.01425629229411296
2022-06-16,0.011243192598231477,-0.03309599156118148
2022-06-17,-0.008222827031096114,-0.0021546433928814057
2022-06-21,-0.0037367898639575348,0.02517356365822976
2022-06-22,0.003985231202016104,-0.0018129949076172158
2022-06-23,-0.0061292393905785225,0.009802612249258935
2022-06-24,-0.0009984729237635381,0.03179389514891806
2022-06-27,-0.0011170556764066308,-0.003819729286300255
2022-06-28,-0.001648028251912903,-0.0204328469595203
2022-06-29,-0.000766419054356815,-0.0008143964271640769
2022-06-30,-0.00607705469349229,-0.00812430982804857
2022-07-01,-0.0008310578178797323,0.010576540755467212
2022-07-05,-0.021209600760456193,0.0018885741265344258
2022-07-06,-0.015842185128983388,0.0033773169965440886
2022-07-07,0.0005550758603676265,0.014977168949771746
2022-07-08,0.00043148616162258513,-0.0008226432556106555
2022-07-11,-0.005360443622920541,-0.011423572696632078
2022-07-12,-0.0037167812674223644,-0.008848866564297508
2022-07-13,0.004787663993035984,-0.005251687104482317
2022-07-14,-0.014047029702970226,-0.002428529947469782
2022-07-15,-0.002008410217787082,0.019105077928607272
2022-07-18,0.0009433368970506173,-0.008256952197959189
2022-07-19,0.002387534556421267,0.02701924335646022
2022-07-20,-0.009402030838661202,0.006373161342952516
2022-07-21,0.014110351809668575,0.010183144615852457
2022-07-22,0.002495788357147255,-0.00927806615010418
2022-07-25,-0.002738532395593407,0.001214913057784317
2022-07-26,-0.001185795419085034,-0.011831028642212527
2022-07-27,0.010184953761559479,0.02596638440481991
2022-07-28,0.012185315766685134,0.012542389786554864
2022-07-29,0.0028110486433634563,0.014578767207624299
2022-08-01,0.005667276051188441,-0.0029612369232263624
2022-08-02,-0.005938314245894638,-0.006597365922535681
2022-08-03,0.0024382810118865894,0.015659461843846367
2022-08-04,0.016539981757373035,-0.0006755941609360994
2022-08-05,-0.011246036968355577,-0.0016901272424366676
2022-08-08,0.008469961885171573,-0.0011609064744722009
2022-08-09,0.0030595716599675082,-0.00397104046102803
2022-08-10,-0.00251196172248791,0.021004011182691018
2022-08-11,-0.002638206019906497,0.0
2022-08-12,0.00919802813514492,0.01692897449939279
2022-08-15,-0.01286709954131171,0.004120814797471395
2022-08-16,-0.0017500452597912775,0.0019586811546892235
2022-08-17,-0.006468383508644648,-0.007097975331626705
2022-08-18,-0.0026163675083663573,0.0029063635298254287
2022-08-19,-0.007320644216690986,-0.013438033139358208
2022-08-22,-0.006637168141592986,-0.020822475955843966
2022-08-23,0.006990843850532169,-0.0024192572880126217
2022-08-24,0.00294894636603793,0.0032011640596580904
2022-08-25,0.003062787136294043,0.014117533299489837
2022-08-26,-0.012152671755725208,-0.03384901432623777
2022-08-29,0.0006181998021761448,-0.006612222743085594
2022-08-30,-0.008340541208451846,-0.01097782082805554
2022-08-31,-0.0077253753660206925,-0.007609050500991921
2022-09-01,-0.008790104853393599,0.0031378106179462684
2022-09-02,0.008804712738328835,-0.01054437213056858
2022-09-06,-0.005839507723219728,-0.0037732000815827726
2022-09-07,0.010168635129160553,0.01796499129900697
2022-09-08,-0.006002250844066581,0.006536276333651836
2022-09-09,0.005283683482198986,0.015535241520555632
2022-09-12,0.005068201726942778,0.010747663551401887
2022-09-13,-0.013011268131731368,-0.04348249263936543
2022-09-14,-0.0038476094361044044,0.0038158229458153947
2022-09-15,-0.01867916165389738,-0.011353269133299593
2022-09-16,0.005549103110078724,-0.011688711165795174
2022-09-19,0.0007700205338809774,0.007754953833385203
2022-09-20,-0.005706591433701003,-0.011478574186076562
2022-09-21,0.004643064422518828,-0.01744382826941604
2022-09-22,-0.0005777007510110455,-0.00839979861681539
2022-09-23,-0.01727681438664097,-0.01675485008818356
2022-09-26,-0.01163322658649757,-0.009892648457670794
2022-09-27,0.0020498578324406047,-0.002552770991737785
2022-09-28,0.020786590999076093,0.019676371842148654
2022-09-29,-0.00019393625961605654,-0.020888996842360785
2022-09-30,6.465795939480934e-05,-0.015463491275944818
2022-10-03,0.02430982090903222,0.026401254269555974
2022-10-04,0.014328094426560467,0.030986607021085133
2022-10-05,-0.005538270068450424,-0.0023282271079716477
2022-10-06,-0.0011263375258119268,-0.010315839719960751
2022-10-07,-0.010962851594311873,-0.027893890675241062
2022-10-10,-0.015201418799087985,-0.007635271093470175
2022-10-11,-0.0020581425263699327,-0.006332981501027679
2022-10-12,0.005349316834235784,-0.0032984849331917365
2022-10-13,-0.0069235207385089925,0.026391070226609914
2022-10-14,-0.012458847072493784,-0.022788753176489984
2022-10-17,0.002876192966400737,0.025696949361071475
2022-10-18,0.002150958154086835,0.011749631972084451
2022-10-19,-0.013398373983739886,-0.007086465658933561
2022-10-20,-0.0015821741710067005,-0.008385345997286242
2022-10-21,0.017827665896335443,0.024301469582113322
2022-10-24,-0.003243593902043429,0.012236501108765951
2022-10-25,0.00227790432801811,0.0159685380209571
2022-10-26,0.006363636363636349,-0.0075340330458277815
2022-10-27,-0.0015485869144404862,-0.005340034553164674
2022-10-28,-0.010210675972599281,0.023790725827675052
2022-10-31,-0.00816139984330111,-0.007223279008791383
2022-11-01,0.010203409913764894,-0.004375857694000618
2022-11-02,-0.0069725009774535,-0.025096223863518063
2022-11-03,-0.0038060240173238835,-0.010296902926347884
2022-11-04,0.030696265068177242,0.014393143041966594
2022-11-07,-0.00396242091135679,0.009565563969708979
2022-11-08,0.023099133782483072,0.005395446769311807
2022-11-09,-0.005017246785826157,-0.0206020942408377
2022-11-10,0.030444374409076547,0.054954160318605894
2022-11-11,0.006606312698801187,0.009678481846512543
2022-11-14,0.002187651920272149,-0.008506687410604452
2022-11-15,0.0035168566577734595,0.008529054464466501
2022-11-16,-0.0022960725075528154,-0.007628798715149765
2022-11-17,-0.00726744186046524,-0.003059805285118178
2022-11-18,-0.006893606637384031,0.004540381493506329
2022-11-21,-0.005590023957245505,-0.0036360881751382745
2022-11-22,0.0011737089201877549,0.013457006006234229
2022-11-23,0.006231875115690899,0.0063015753938484576
2022-11-25,0.0008584743684081353,-0.00022364693603704744
2022-11-28,-0.007903443205489524,-0.015957050182685784
2022-11-29,0.004940406348421966,-0.0017175620721880946
2022-11-30,0.0127819086830947,0.03150064519393769
2022-12-01,0.018384806747163474,-0.0007358712715855864
2022-12-02,-0.003455672068636839,-0.0011537139771220506
2022-12-05,-0.017158914265215874,-0.017989235948981497
2022-12-06,0.0027373927854492663,-0.014414775144523162
2022-12-07,0.009039068187333132,-0.0017012416524895269
2022-12-08,0.000841700234473608,0.007833960728456546
2022-12-09,0.0035441821349191382,-0.0074702200686453946
2022-12-12,-0.008260505207709823,0.014417209113100071
2022-12-13,0.017081120231771996,0.007569870911141807
2022-12-14,-0.0024330900243308973,-0.006393511953628472
2022-12-15,-0.016359309934562805,-0.024461692538808144
2022-12-16,0.008708799516177868,-0.01632317840002062
2022-12-19,-0.002817914743090122,-0.008479661857176413
2022-12-20,0.016594516594516717,0.001368349034261529
2022-12-21,-0.0016560208185474323,0.014952436011983039
2022-12-22,-0.012085308056872135,-0.014266110866582027
2022-12-23,0.0029983209402735245,0.005752258877915528
2022-12-27,0.008429989238311508,-0.003943485414327208
2022-12-28,-0.004505839805537426,-0.012427897220765427
2022-12-29,0.0055982371508545015,0.01800031858970952
2022-12-30,0.004678708913236518,-0.002634049655747983
2023-01-03,0.00837066729544933,-0.0042099207698140795
2023-01-04,0.009411902256518001,0.007720182763510275
2023-01-05,-0.012451497075345874,-0.011413383364602847
2023-01-06,0.018707482993197244,0.0229321524592756
2023-01-09,0.0022451211789764614,-0.0005668934240361523
2023-01-10,0.003676048248133279,0.007012839684422234
2023-01-11,-0.0006867345770860123,0.012647857033130316
2023-01-12,0.011567976176841022,0.00364077669902918
2023-01-13,0.012001811594202882,0.003879484079000406
2023-01-17,-0.006545088386663567,-0.0018318695106650518
2023-01-18,-0.0028717833211329147,-0.01578801820147313
2023-01-19,0.01586853399593391,-0.007279879434979208
2023-01-20,-0.0033353716159875146,0.018629065459036642
2023-01-23,0.0018963690110993525,0.011998585429928266
2023-01-24,0.0036185492401046293,-0.0010733095374785284
2023-01-25,0.0046039494120257984,0.0003748125937033109
2023-01-26,-0.009055270277731897,0.010990383414512195
2023-01-27,-0.001392990471945188,0.002297714638665793
2023-01-30,-0.0025666778261355105,-0.012546834943798157
2023-01-31,0.0036361602148131666,0.014703312613894681
2023-02-01,0.012596845214870811,0.010627829167486613
2023-02-02,-0.020751912808939177,0.014556962025316311
2023-02-03,-0.024957841483979726,-0.010629108882383886
2023-02-06,0.0020754064337598077,-0.006111313204801849
2023-02-07,0.0009204924634680367,0.013078593563184748
2023-02-08,0.0024715484538453403,-0.010934752763794964
2023-02-09,-0.007912390344590348,-0.008669183002556924
2023-02-10,0.001907183725365691,0.002333636296642183
2023-02-13,-0.005076142131979822,0.011739045191647701
2023-02-14,0.000753710575139177,-0.0004602378703097987
2023-02-15,-0.009964660216673638,0.003247382706475399
2023-02-16,-0.0008192404470711567,-0.013768781100536365
2023-02-17,0.002986822840409964,-0.0024982854903496943
2023-02-21,-0.003737008057923541,-0.020060894760104198
2023-02-22,-0.00562653850662298,-0.0013781352577111328
2023-02-23,-0.0005304727101261841,0.005319415867917954
2023-02-24,-0.0071946688683139914,-0.010682374082763513
2023-02-27,0.0039204039204039365,0.003405822695393468
2023-02-28,0.0045559434352997474,-0.0036959746561738838
2023-03-01,0.0057721757568618415,-0.0038358653409377164
2023-03-02,-0.0005856172405714899,0.0077772711151644636
2023-03-03,0.010723075120121939,0.016037806993288273
2023-03-06,-0.005043770653371249,0.0006927435117147773
2023-03-07,-0.017480480130520948,-0.015328701757856056
2023-03-08,-0.0004744395682600988,0.0016320586536773263
2023-03-09,0.009849293936157633,-0.018449814499147732
2023-03-10,0.021562867215041193,-0.01442946164061698
2023-03-13,0.022948179674469493,-0.0014252027674847012
2023-03-14,-0.005791071629371425,0.016529997924019213
2023-03-15,0.007804105638183456,-0.006254307814055671
2023-03-16,0.002020088659446584,0.017545211672832073
2023-03-17,0.029120232961863834,-0.015450253717401718
2023-03-20,0.00038091092126024684,0.009615631170029948
2023-03-21,-0.018875108790252337,0.013130492202976685
2023-03-22,0.01702056883073677,-0.017046451580557065
2023-03-23,0.012538159616223288,0.002703323047104078
2023-03-24,-0.011252288144718459,0.006562046951700262
2023-03-27,-0.009256738361012928,0.0018698673404926591
2023-03-28,0.008189062929376156,-0.0022446972180887315
2023-03-29,-0.004960750109027412,0.014534883720930258
2023-03-30,0.009039609927135261,0.005855238569826726
2023-03-31,-0.005212292322727796,0.014094624721327609
2023-04-03,0.0072044536622639654,0.003810547399790032
2023-04-04,0.018640945052563085,-0.00554812020927109
2023-04-05,-0.0007979572294923853,-0.002618249443316123
2023-04-06,-0.00713411063195446,0.003900883218841855
2023-04-10,-0.007399860582336881,0.0010264180454067073
2023-04-11,0.006320566149856877,0.00026854813114907117
2023-04-12,0.004885119175434882,-0.004075954310260754
2023-04-13,0.01351567925637065,0.01328268594534987
2023-04-14,-0.017710309930423662,-0.002442740706701918
2023-04-17,-0.004453745438935508,0.0035882267371381005
2023-04-18,0.0038807739988142576,0.0006522684447021199
2023-04-19,-0.0047785234899327955,-0.00016899640279088857
2023-04-20,0.003938282261545023,-0.005457091804703662
2023-04-21,-0.009887688752754031,0.0007769253180538449
2023-04-24,0.0030393487109905415,0.0010431829209121002
2023-04-25,0.005086304853633372,-0.015873785231321103
2023-04-26,-0.005437415881561214,-0.0042356185973206895
2023-04-27,5.4130128829710245e-05,0.019908002769809086
2023-04-28,0.0002706359945874315,0.008535195557818565
2023-05-01,-0.004491341991342046,-0.0010097853004111812
2023-05-02,0.019296624449638644,-0.011239200019253492
2023-05-03,0.008479095563139971,-0.006863985979943532
2023-05-04,0.007032943789328838,-0.007082986128130964
2023-05-05,-0.015647973114891744,0.01851257621010549
2023-05-08,0.001226928411394379,0.0002665826527397108
2023-05-09,0.007086152698598802,-0.004385327324708088
2023-05-10,-0.0014284202729870632,0.00467232862044642
2023-05-11,-0.008582781456953681,-0.001743974809252813
2023-05-12,-0.0017100411478651045,-0.0013102661781476677
2023-05-15,0.0021412129971629668,0.0034500352292330394
2023-05-16,-0.012499332300624943,-0.00668264690927578
2023-05-17,-0.0034618921404230285,0.01213893967093238
2023-05-18,-0.012972914291917603,0.009633215326445566
2023-05-19,0.009898812142542734,-0.0014550485413734604
2023-05-22,-0.002341537791330728,0.00040609622091647424
2023-05-23,0.0012008078161671598,-0.011222808567539877
2023-05-24,-0.008068472986970554,-0.007244801854669247
2023-05-25,-0.00961802693047542,0.008659904157240605
2023-05-26,0.0039955604883463725,0.012950681297479782
2023-05-30,0.006190581472474088,0.0003809342412266492
2023-05-31,0.001538123489343013,-0.0055452425151125695
2023-06-01,0.007898200965335667,0.009501017111403609
2023-06-02,-0.014747496734871413,0.014461144564032136
2023-06-05,0.006020436343551427,-0.0019162460272947879
2023-06-06,0.0010980564401010806,0.00217747600093654
2023-06-07,-0.012010529779532764,-0.0034577015629744245
2023-06-08,0.013211212878156964,0.006048528894619487
2023-06-09,-0.0026844902207856514,0.001794328059096184
2023-06-12,-0.0008789277081959757,0.009071877180739873
2023-06-13,-0.007367495051682438,0.006592899953895781
2023-06-14,0.0005538938739337862,0.0011908578756927302
2023-06-15,0.007030558015943322,0.012397639416258821
2023-06-16,-0.0015392226925402541,-0.007094441934026308
2023-06-20,-0.010350712987942545,-0.005188185500386799
2023-06-21,-0.001446453407510373,-0.0051237476554280015
2023-06-22,-0.009916987018775414,0.0036096932910285595
2023-06-23,0.0027573012210904135,-0.007559964261987129
2023-06-26,0.001739618406285004,-0.004085778259966255
2023-06-27,-0.004593580191585844,0.010963285740775097
2023-06-28,-0.0023073892734537527,0.000504390489946438
2023-06-29,-0.001071750902527091,0.003941428538692504
2023-06-30,0.006663278558924901,0.011800689324598768
2023-07-03,0.0011218937566612741,0.0011505143475907254
2023-07-05,-0.0035300050428642704,-0.0014871898871088307
2023-07-06,-0.0029802069275753906,-0.007830659174508536
2023-07-07,0.007500986971969992,-0.0025246781603966983
2023-07-10,0.0007836990595611049,0.002531068293239125
2023-07-11,0.003747622776596904,0.006368557521721163
2023-07-12,0.013541376427974372,0.00804592505537216
2023-07-13,0.0007147569826257971,0.007936863817766149
2023-07-14,-0.003186638096807748,-0.0006228312127414259
2023-07-17,0.0007165297911040369,0.003472222222222321
2023-07-18,0.011456267900418426,0.007430574039570592
2023-07-19,0.0001633631017208259,0.002223738963869737
2023-07-20,-0.005063428975880524,-0.006634446397188021
2023-07-21,-0.003064463171719378,0.0
2023-07-24,-0.0042814798550884214,0.004467247556282805
2023-07-25,0.005567805953693439,0.0027300748568912514
2023-07-26,0.00487911846938216,0.0001536975232740989
2023-07-27,-0.01571194762684136,-0.006629931285811463
2023-07-28,0.007981376787495886,0.009790271608212331
2023-07-31,0.00269438029253255,0.001904053225947555
2023-08-01,-0.010364683301343547,-0.0028615740841870796
2023-08-02,-0.0047655990247147395,-0.013910795653697905
2023-08-03,-0.00033407572383070683,-0.0028658387576923072
2023-08-04,0.0036203631502729205,-0.004522769806612592
2023-08-07,-0.0022753759920084438,0.008728542333430234
2023-08-08,-0.006341083546556936,-0.004348694282354515
2023-08-09,-0.004758172861621057,-0.006685236768802283
2023-08-10,-0.0010686765284886324,0.00035894559730786924
2023-08-11,0.0,-0.00058307730259477
2023-08-14,-0.0030405405405404817,0.005520026926960631
2023-08-15,-0.0026544674121766754,-0.011648925487045658
2023-08-16,-0.005776091511410675,-0.007338165232902094
2023-08-17,-0.0015378481517343001,-0.007619870803384554
2023-08-18,0.00017113519680544975,0.0004813312246441104
2023-08-21,0.002737694632977794,0.0065063001145475585
2023-08-22,0.0016495079915817001,-0.002708608367096077
2023-08-23,0.010164679159568424,0.011137738217505522
2023-08-24,-0.00022485805835059658,-0.013859106606776028
2023-08-25,-0.0012932246274950376,0.007049829476527325
2023-08-28,0.0028712982772209905,0.006341341455099236
2023-08-29,0.009768146859035598,0.014454783629957557
2023-08-30,0.0025018068605102695,0.004118799536913187
2023-08-31,-0.0016637089618455336,-0.0014633821866476548
2023-09-01,0.0004999444506166295,0.0018652159431553628
2023-09-05,-0.008161678973960473,-0.004321904297524326
2023-09-06,-0.004534258844603567,-0.006722464606891632
2023-09-07,0.0010684361468817904,-0.003070234413518058
2023-09-08,0.0003370407819345278,0.0015061256603348117
2023-09-11,0.0018530997304582186,0.006576584665110463
2023-09-12,-0.005156661622106262,-0.005485561378079984
2023-09-13,-0.002309989295171566,0.0011659454247852086
2023-09-14,0.0005082448610795876,0.008622427269266097
2023-09-15,0.006603826832985327,-0.01552091660005328
2023-09-18,0.005887630368958119,0.0005864176647043529
2023-09-19,-0.000947655945147341,-0.002073800238937884
2023-09-20,0.0007253654726033787,-0.009193377154344762
2023-09-21,-0.00724839698912727,-0.01652836038664962
2023-09-22,0.0032013479359729313,-0.002248545399754165
2023-09-25,-0.005150599037062054,0.004205194925886335
2023-09-26,-0.007990996060776467,-0.014691252342502903
2023-09-27,-0.0123666893578398,0.000399173476096637
2023-09-28,-0.004997128087306124,0.005797441614833865
2023-09-29,-0.010275356462506546,-0.0024269579016147347
2023-10-02,-0.010498687664041939,-0.0003976794235988068
2023-10-03,-0.0028882994400236672,-0.013386066321874113
2023-10-04,-0.00011823126034526954,0.007281956403140555
2023-10-05,-0.0018328012297503804,-0.00037677200584007586
2023-10-06,0.005153112598471621,0.011872791519434767
2023-10-09,0.018385385975250523,0.006402197699864942
2023-10-10,-0.0016780465223932284,0.005204839343958989
2023-10-11,0.007303077725612894,0.004096285727435811
2023-10-12,-0.0030496576327752045,-0.006096442977631011
2023-10-13,0.03214821655315725,-0.00498086058202285
2023-10-16,-0.0048649555443718295,0.010521436848204058
2023-10-17,0.0018543492919755877,-4.586735161915545e-05
2023-10-18,0.014470805990240754,-0.01332507683133799
2023-10-19,0.01227400895670927,-0.008786406638618294
2023-10-20,0.002730897372876795,-0.012288066036629686
2023-10-23,-0.003377090255460513,-0.0017331845485411002
2023-10-24,-0.00010930753675475469,0.007539361651524468
2023-10-25,0.004208800218639119,-0.01435214692066189
2023-10-26,0.0015784890050076772,-0.01197461381870435
2023-10-27,0.01162980272811276,-0.004532783904981241
2023-10-30,-0.005640612409347323,0.01195578065647207
2023-10-31,-0.005456509994597458,0.006280228109434738
2023-11-01,-0.0031506328426313956,0.010664753706360663
2023-11-02,0.003324069532995466,0.019164340131547775
2023-11-03,0.0036389311318705264,0.00912340978735271
2023-11-06,-0.007792629471291779,0.0023004900043708254
2023-11-07,-0.004145077720207224,0.0028460602722120143
2023-11-08,-0.009967687167971917,0.0007323827615406397
2023-11-09,0.0039829617746307555,-0.007798742138364845
2023-11-10,-0.010909691994049342,0.015604831274202535
2023-11-13,0.005570720294133968,-0.0009532239395384501
2023-11-14,0.008919173452994311,0.019400713328335595
2023-11-15,-0.0026356248627279477,0.0021170859982617696
2023-11-16,0.011286060339132487,0.0012230919765165993
2023-11-17,-0.00010887908977086358,0.001243808719987527
2023-11-20,-0.0016333641857678716,0.0076975975509661065
2023-11-21,0.010797840431913563,-0.002179368643508095
2023-11-22,-0.004262206636093779,0.0038608334987977333
2023-11-24,0.005201560468140576,0.0006153575667005029
2023-11-27,0.006737818025010833,-0.0018010103228640606
2023-11-28,0.013331905552283363,0.00099014258053165
2023-11-29,0.0014794462643981099,-0.0007034049194380998
2023-11-30,-0.004167985649467076,0.0039374408833945385
2023-12-01,0.017271523178807868,0.005915863277826672
2023-12-04,-0.021613457632414845,-0.005249401001960363
2023-12-05,-0.003779410199084454,-0.00019707022268933283
2023-12-06,0.0036868821800695173,-0.004029785370127104
2023-12-07,0.0016503407155026295,0.007630398451930809
2023-12-08,-0.013340419877757248,0.004299151081334607
2023-12-11,-0.011042878689937474,0.003889613211647047
2023-12-12,-0.0005446919766871616,0.004567198424208385
2023-12-13,0.02256253746798187,0.013790131437190212
2023-12-14,0.005862601929328859,0.0032093517534537153
2023-12-15,-0.009166534202299514,-0.0056778458083515115
2023-12-18,0.004545454545454408,0.005625039950567956
2023-12-19,0.006813947298376366,0.00608089497213804
2023-12-20,-0.005445989531010387,-0.013857299300817139
2023-12-21,0.007070707070707227,0.009481911758424832
2023-12-22,0.004434355698675008,0.002009731330653741
2023-12-26,0.007620749461291876,0.004222527182518698
2023-12-27,0.004537867723763744,0.0018080521391778959
2023-12-28,-0.005815462900462198,0.0003777465320768947
2023-12-29,-0.0015668250900925385,-0.0028949631836203693
